run,size,ratio,sampling_time_s,total_time_s
1,20,0.49029713949612014,7.3413816,7.3469234
